customer_id,arrival_time,service_start_time,service_time,departure_time,waiting_time,system_time
1,0.0,0.0,2.0533740288660494,2.0533740288660494,0.0,2.0533740288660494
2,4.38727515814246,4.38727515814246,2.5319951609861833,6.919270319128643,0.0,2.531995160986183
3,10.711191613654925,10.711191613654925,3.8361530324974984,14.547344646152425,0.0,3.8361530324974993
4,17.111244915787825,17.111244915787825,2.2294962021645173,19.34074111795234,0.0,2.2294962021645155
5,19.205713331247306,19.34074111795234,3.0174370548362033,22.358178172788545,0.13502778670503446,3.1524648415412386
6,24.183085650987564,24.183085650987564,5.5505752299659,29.733660880953465,0.0,5.550575229965901
7,29.10339661017602,29.733660880953465,4.997699320423979,34.73136020137744,0.6302642707774453,5.627963591201421
8,34.31863566599678,34.73136020137744,3.8389988371573347,38.570359038534775,0.41272453538066145,4.251723372537995
9,40.74873746903659,40.74873746903659,3.5690243445201597,44.31776181355675,0.0,3.569024344520159
10,47.52630579158768,47.52630579158768,4.880955043422216,52.4072608350099,0.0,4.880955043422219
11,50.29193298578321,52.4072608350099,5.35677571610956,57.76403655111946,2.115327849226688,7.472103565336248
12,56.174296267486596,57.76403655111946,2.3281286888401844,60.09216523995964,1.5897402836328638,3.9178689724730447
13,61.499083750377416,61.499083750377416,3.166131144248498,64.66521489462592,0.0,3.166131144248503
14,62.60945891408482,64.66521489462592,5.69683097214368,70.36204586676959,2.0557559805411003,7.752586952684773
15,64.4293394974696,70.36204586676959,5.424547770993135,75.78659363776272,5.932706369299993,11.357254140293122
16,69.7816188878378,75.78659363776272,4.806838275285319,80.59343191304804,6.004974749924926,10.811813025210242
17,75.14293600590949,80.59343191304804,2.034195637998967,82.627627551047,5.450495907138546,7.484691545137508
18,78.92085585743708,82.627627551047,5.769188757990666,88.39681630903766,3.706771693609923,9.475960451600585
19,85.57555773880443,88.39681630903766,3.5364449419584845,91.93326125099614,2.8212585702332262,6.357703512191705
20,88.66783176325427,91.93326125099614,2.877003739700507,94.81026499069665,3.2654294877418693,6.142433227442382
21,95.6297464597555,95.6297464597555,2.6742099630091207,98.30395642276461,0.0,2.674209963009119
22,100.81226448077352,100.81226448077352,2.325136224843628,103.13740070561715,0.0,2.3251362248436322
23,105.55734201457729,105.55734201457729,5.733014577596276,111.29035659217357,0.0,5.733014577596279
24,108.17599128920548,111.29035659217357,1.657369692940974,112.94772628511454,3.114365302968082,4.771734995909057
25,111.71797154120053,112.94772628511454,2.542276282310711,115.49000256742525,1.2297547439140146,3.772031026224724
26,114.81572123720687,115.49000256742525,1.0142963590377554,116.50429892646301,0.6742813302183777,1.6885776892561353
27,118.2206359650309,118.2206359650309,4.671696595463911,122.89233256049481,0.0,4.671696595463914
28,122.18596298430047,122.89233256049481,4.489410506192423,127.38174306668724,0.7063695761943336,5.1957800823867615
29,125.67938714593073,127.38174306668724,4.971473511517419,132.35321657820467,1.7023559207565029,6.6738294322739335
30,128.46296704322376,132.35321657820467,5.51494379029879,137.86816036850345,3.89024953498091,9.405193325279697
31,135.29182420887,137.86816036850345,2.3308217650744685,140.1989821335779,2.576336159633456,4.907157924707917
32,140.70643729212904,140.70643729212904,5.208032833282403,145.91447012541144,0.0,5.208032833282402
33,148.66215460353308,148.66215460353308,3.7966700181398396,152.45882462167293,0.0,3.7966700181398494
34,152.7617587244053,152.7617587244053,2.253905534727825,155.01566425913313,0.0,2.253905534727835
35,155.39879996078864,155.39879996078864,3.1572244220110743,158.5560243827997,0.0,3.157224422011069
36,158.59209136518203,158.59209136518203,4.01577223386461,162.60786359904665,0.0,4.015772233864624
37,166.06718302891923,166.06718302891923,3.7307180770975474,169.79790110601678,0.0,3.730718077097549
38,168.4800725601159,169.79790110601678,5.553591966508909,175.3514930725257,1.3178285459008805,6.871420512409799
39,169.7932575044651,175.3514930725257,2.375747116362436,177.72724018888815,5.55823556806061,7.933982684423057
40,172.72359013998133,177.72724018888815,4.811639522460921,182.53887971134907,5.00365004890682,9.815289571367742
41,174.41466125025613,182.53887971134907,4.153408698797615,186.6922884101467,8.124218461092937,12.277627159890557
42,177.15838359558435,186.6922884101467,1.013668547730481,187.70595695787716,9.533904814562334,10.547573362292809
43,184.2271957710682,187.70595695787716,3.4283337355200634,191.13429069339722,3.4787611868089527,6.907094922329009
44,188.6620303937826,191.13429069339722,4.673301837584488,195.8075925309817,2.472260299614618,7.145562137199107
45,192.33947572219358,195.8075925309817,1.3949190182277822,197.2025115492095,3.4681168087881247,4.863035827015921
46,195.30221343101888,197.2025115492095,5.772256478701005,202.9747680279105,1.9002981181906193,7.672554596891615
47,200.14436740772965,202.9747680279105,4.920939501218815,207.8957075291293,2.8304006201808534,7.751340121399664
48,203.22702696869433,207.8957075291293,5.225617391303304,213.1213249204326,4.668680560434979,9.894297951738281
49,205.4984600136008,213.1213249204326,4.503315442736518,217.62464036316914,7.622864906831808,12.12618034956833
50,208.5646100795755,217.62464036316914,2.3160349089044288,219.94067527207358,9.060030283593647,11.37606519249809
51,214.9334882851527,219.94067527207358,2.426681088533954,222.36735636060752,5.007186986920885,7.433868075454825
52,220.8641977708864,222.36735636060752,4.641889435081504,227.00924579568903,1.5031585897211244,6.145048024802634
53,223.02223945788944,227.00924579568903,2.8317868553717864,229.8410326510608,3.987006337799585,6.818793193171359
54,224.53289984443356,229.8410326510608,3.5332517936694785,233.37428444473028,5.308132806627242,8.84138460029672
55,229.54655234944877,233.37428444473028,5.800333830020033,239.17461827475032,3.8277320952815046,9.628065925301541
56,230.91468917620472,239.17461827475032,2.0136907614681774,241.1883090362185,8.259929098545598,10.273619860013781
57,237.308476766841,241.1883090362185,5.739731098916592,246.9280401351351,3.879832269377488,9.61956336829408
58,241.8299221985401,246.9280401351351,2.161601242018711,249.0896413771538,5.098117936595003,7.259719178613722
59,248.9730084436404,249.0896413771538,5.109483441578584,254.1991248187324,0.11663293351341508,5.226116375092005
60,254.2472995652488,254.2472995652488,1.0855102718529244,255.3328098371017,0.0,1.085510271852911
61,255.2540172633944,255.3328098371017,4.790731349203917,260.1235411863056,0.07879257370731807,4.869523922911213
62,262.82270821735057,262.82270821735057,2.6286401365491203,265.4513483538997,0.0,2.6286401365491088
63,265.6499119716345,265.6499119716345,1.2294974989858845,266.8794094706204,0.0,1.229497498985893
64,271.80282511736345,271.80282511736345,2.9566606876360026,274.7594858049995,0.0,2.956660687636031
65,276.2916307000351,276.2916307000351,4.637659868779734,280.92929056881485,0.0,4.6376598687797355
66,280.7362041095789,280.92929056881485,3.8982167337298987,284.82750730254475,0.1930864592359285,4.091303192965825
67,286.175065921572,286.175065921572,4.792157156512181,290.9672230780842,0.0,4.792157156512189
68,287.94997399833983,290.9672230780842,5.472551021400848,296.4397740994851,3.0172490797443743,8.48980010114525
69,290.240046575305,296.4397740994851,3.5169298592126683,299.95670395869774,6.199727524180105,9.716657383392771
70,298.03922320234363,299.95670395869774,5.265522816607708,305.22222677530544,1.9174807563541094,7.183003572961809
71,300.2564895159995,305.22222677530544,5.720395198263953,310.9426219735694,4.965737259305968,10.686132457569897
72,302.5756643167029,310.9426219735694,5.823000128999657,316.765622102569,8.366957656866475,14.189957785866113
73,304.57498133043526,316.765622102569,4.739402216764169,321.5050243193332,12.190640772133747,16.930042988897924
74,311.5555913523198,321.5050243193332,5.769203744787251,327.27422806412045,9.949432967013365,15.718636711800627
75,313.36285804077806,327.27422806412045,4.024954847264166,331.2991829113846,13.911370023342386,17.93632487060654
76,317.10318358404953,331.2991829113846,2.1077743758031438,333.40695728718777,14.195999327335073,16.303773703138233
77,319.17911595439136,333.40695728718777,4.200896322295673,337.6078536094834,14.227841332796402,18.42873765509205
78,325.26846641954626,337.6078536094834,2.7477487775246336,340.35560238700805,12.339387189937156,15.08713596746179
79,329.97583761462374,340.35560238700805,3.572810867932272,343.9284132549403,10.379764772384306,13.952575640316581
80,333.9477193858434,343.9284132549403,5.202241538983703,349.130654793924,9.98069386909691,15.182935408080596
81,341.3107551623664,349.130654793924,1.825239085711042,350.955893879635,7.819899631557632,9.645138717268651
82,345.35484318797,350.955893879635,2.721488184995454,353.6773820646305,5.601050691665023,8.322538876660474
83,352.92844082728095,353.6773820646305,4.053063958765522,357.730446023396,0.748941237349527,4.802005196115033
84,360.1102099958578,360.1102099958578,1.8861626276096513,361.9963726234675,0.0,1.8861626276096786
85,365.60727941212997,365.60727941212997,4.5543735248115285,370.1616529369415,0.0,4.554373524811524
86,373.33586774037406,373.33586774037406,5.932444169834663,379.2683119102087,0.0,5.932444169834639
87,380.50963007901436,380.50963007901436,4.373196548917258,384.8828266279316,0.0,4.373196548917235
88,384.75454960232827,384.8828266279316,1.6733857633199558,386.55621239125156,0.12827702560332455,1.801662788923295
89,390.34911935085995,390.34911935085995,5.841773221864435,396.1908925727244,0.0,5.841773221864457
90,396.7723071697922,396.7723071697922,2.4943793768826903,399.2666865466749,0.0,2.494379376882705
91,400.1944704107239,400.1944704107239,2.3382066505768786,402.5326770613008,0.0,2.338206650576865
92,403.1635973154681,403.1635973154681,2.4732258125758873,405.636823128044,0.0,2.4732258125758904
93,407.7191474363634,407.7191474363634,5.999880416810361,413.71902785317377,0.0,5.999880416810356
94,412.051009222467,413.71902785317377,1.219202722390498,414.93823057556426,1.668018630706797,2.8872213530972886
95,417.6831369579183,417.6831369579183,1.2525858273039088,418.9357227852222,0.0,1.2525858273039034
96,424.89867955385046,424.89867955385046,1.4879831977851161,426.3866627516356,0.0,1.4879831977851268
97,429.8901575697377,429.8901575697377,4.971679775464754,434.86183734520245,0.0,4.971679775464736
98,431.91577815561413,434.86183734520245,2.0372615275105663,436.899098872713,2.9460591895883113,4.983320717098877
99,437.4357499223645,437.4357499223645,1.671302888029618,439.1070528103941,0.0,1.6713028880296292
100,444.74258555722116,444.74258555722116,2.913248547822724,447.6558341050439,0.0,2.913248547822718
101,450.7152088439711,450.7152088439711,4.496273020710182,455.2114818646813,0.0,4.496273020710191
102,457.0450600134389,457.0450600134389,4.600401286603449,461.64546130004237,0.0,4.600401286603471
103,462.78677947181563,462.78677947181563,5.97465237187778,468.7614318436934,0.0,5.974652371877767
104,469.82133387561635,469.82133387561635,5.943546920265394,475.76488079588177,0.0,5.943546920265419
105,471.78140763830487,475.76488079588177,3.55426270335432,479.3191434992361,3.9834731575768956,7.537735860931207
106,478.9916724974514,479.3191434992361,2.783075012650585,482.1022185118867,0.3274710017846587,3.110546014435272
107,480.5834042922998,482.1022185118867,5.76429731492526,487.86651582681196,1.5188142195868863,7.283111534512159
108,488.1087473281406,488.1087473281406,5.800623921881666,493.9093712500223,0.0,5.800623921881652
109,489.95755099959956,493.9093712500223,3.7984280410733775,497.7077992910956,3.9518202504227133,7.750248291496064
110,497.1421083531522,497.7077992910956,1.1552936222439583,498.8630929133396,0.5656909379434296,1.7209845601873894
111,500.1599938516058,500.1599938516058,2.6961625779024354,502.85615642950825,0.0,2.6961625779024416
112,504.34049886683874,504.34049886683874,1.3745920144901365,505.7150908813289,0.0,1.3745920144901334
113,506.7754434867446,506.7754434867446,5.068520968945127,511.84396445568973,0.0,5.0685209689451085
114,508.17259479750027,511.84396445568973,2.9252405990978834,514.7692050547876,3.6713696581894624,6.5966102572872956
115,514.8211541981797,514.8211541981797,3.8312472876542927,518.6524014858339,0.0,3.8312472876542643
116,521.0973166376505,521.0973166376505,2.624359355834437,523.721675993485,0.0,2.6243593558344855
117,524.6057435936473,524.6057435936473,2.310889706394669,526.9166333000419,0.0,2.3108897063946188
118,529.8260091765427,529.8260091765427,1.1677460446854289,530.9937552212281,0.0,1.167746044685373
119,537.447565873649,537.447565873649,5.609907797631825,543.0574736712808,0.0,5.609907797631877
120,541.248204029773,543.0574736712808,1.1324867900645383,544.1899604613453,1.8092696415078535,2.941756431572344
121,547.6955897282995,547.6955897282995,3.8424702506496584,551.5380599789491,0.0,3.842470250649626
122,555.2466517139835,555.2466517139835,1.3645123790740346,556.6111640930576,0.0,1.3645123790740854
123,561.7641210647838,561.7641210647838,2.3289637813609447,564.0930848461447,0.0,2.328963781360926
124,568.6257044356092,568.6257044356092,5.369209288761179,573.9949137243705,0.0,5.369209288761226
125,571.8644749571757,573.9949137243705,3.06898852376632,577.0639022481367,2.1304387671947325,5.199427290961012
126,579.26172962033,579.26172962033,5.104378059492882,584.3661076798229,0.0,5.104378059492888
127,585.3521974687918,585.3521974687918,5.971441375879261,591.3236388446711,0.0,5.971441375879294
128,588.5570853934565,591.3236388446711,2.184356364495544,593.5079952091667,2.766553451214577,4.950909815710133
129,594.3957098705862,594.3957098705862,2.3851880781267765,596.780897948713,0.0,2.3851880781268164
130,601.7197511960757,601.7197511960757,2.8353559177363903,604.555107113812,0.0,2.835355917736365
131,606.4650599979436,606.4650599979436,5.348358785918642,611.8134187838623,0.0,5.348358785918663
132,614.0365351317704,614.0365351317704,2.9527976037252834,616.9893327354956,0.0,2.95279760372523
133,617.2149371006204,617.2149371006204,5.990153282116474,623.2050903827369,0.0,5.9901532821164665
134,618.3505633385811,623.2050903827369,3.634725816953277,626.8398161996902,4.854527044155816,8.489252861109094
135,624.5496527116842,626.8398161996902,4.520604012469851,631.3604202121601,2.2901634880059873,6.81076750047589
136,627.6805457682639,631.3604202121601,5.137367996630342,636.4977882087904,3.6798744438962103,8.81724244052657
137,633.7622102312462,636.4977882087904,5.938820794910947,642.4366090037014,2.735577977544267,8.67439877245522
138,636.1436262133553,642.4366090037014,2.6802400762051923,645.1168490799066,6.292982790346059,8.973222866551282
139,638.6327803028665,645.1168490799066,2.002431227646004,647.1192803075526,6.484068777040079,8.486500004686036
140,642.8532410904565,647.1192803075526,2.8900075837766557,650.0092878913292,4.266039217096022,7.156046800872673
141,644.031690423612,650.0092878913292,4.650853151479461,654.6601410428087,5.97759746771726,10.62845061919677
142,648.4772077738353,654.6601410428087,4.334399127124561,658.9945401699333,6.182933268973443,10.517332396098027
143,653.604706439239,658.9945401699333,3.205275734067479,662.1998159040008,5.389833730694363,8.59510946476189
144,661.5076105685126,662.1998159040008,5.7734942586502624,667.9733101626512,0.692205335488211,6.465699594138528
145,667.9947433297178,667.9947433297178,4.487654190617137,672.482397520335,0.0,4.48765419061715
146,671.1620533842396,672.482397520335,3.3563186833867897,675.8387162037218,1.3203441360954002,4.676662819482203
147,676.0133158376602,676.0133158376602,5.4611625672832815,681.4744784049435,0.0,5.4611625672832815
148,683.5365442580315,683.5365442580315,2.7907338823856414,686.3272781404172,0.0,2.790733882385666
149,688.2601405688465,688.2601405688465,5.395773456162538,693.655914025009,0.0,5.3957734561624875
150,694.5710466455149,694.5710466455149,1.4218235722086567,695.9928702177235,0.0,1.4218235722086092
151,699.2118730574073,699.2118730574073,5.674432066959647,704.8863051243669,0.0,5.674432066959639
152,705.1296867635756,705.1296867635756,2.155112415021849,707.2847991785975,0.0,2.155112415021904
153,708.1135022083685,708.1135022083685,2.7243743556085867,710.837876563977,0.0,2.7243743556085747
154,710.915462503055,710.915462503055,1.3784037641333033,712.2938662671883,0.0,1.3784037641332816
155,718.1600233047213,718.1600233047213,5.729162355666824,723.8891856603882,0.0,5.729162355666858
156,721.7389743980336,723.8891856603882,3.001901188970617,726.8910868493588,2.15021126235456,5.152112451325138
157,723.6762123327713,726.8910868493588,3.0169203960813107,729.9080072454401,3.214874516587429,6.231794912668761
158,727.8106564214556,729.9080072454401,2.786342285845135,732.6943495312852,2.0973508239844705,4.883693109829551
159,735.0704792005101,735.0704792005101,1.042246427049667,736.1127256275598,0.0,1.0422464270496903
160,741.8348468063094,741.8348468063094,2.6805002738665054,744.515347080176,0.0,2.680500273866528
161,743.321374708093,744.515347080176,4.5190250006584884,749.0343720808345,1.1939723720829534,5.712997372741484
162,748.927797502291,749.0343720808345,4.763671032467819,753.7980431133024,0.10657457854347285,4.870245611011342
163,751.5585247967375,753.7980431133024,4.81615069253173,758.6141938058341,2.2395183165648405,7.0556690090966185
164,755.6089573985965,758.6141938058341,3.316569258382335,761.9307630642164,3.0052364072375894,6.321805665619877
165,757.6181722723186,761.9307630642164,1.9292752352719114,763.8600382994883,4.312590791897833,6.241866027169749
166,760.4080674347604,763.8600382994883,4.570637325011893,768.4306756245003,3.4519708647279685,8.022608189739913
167,763.5779982819429,768.4306756245003,3.875656596294764,772.3063322207951,4.852677342557399,8.728333938852188
168,768.2624448930009,772.3063322207951,4.813871752881711,777.1202039736768,4.043887327794209,8.857759080675919
169,772.8887683412461,777.1202039736768,5.4658760211302715,782.586079994807,4.231435632430703,9.697311653560973
170,778.8321617344042,782.586079994807,4.442420959973086,787.0285009547802,3.753918260402884,8.19633922037599
171,781.1916102760786,787.0285009547802,4.465093939394457,791.4935948941746,5.836890678701593,10.301984618096071
172,788.0899145996018,791.4935948941746,1.779811887829211,793.2734067820038,3.403680294572837,5.183492182402006
173,795.1139494577731,795.1139494577731,4.938686184948976,800.0526356427221,0.0,4.938686184949006
174,796.4180893449233,800.0526356427221,1.8456961861714078,801.8983318288934,3.6345462977988063,5.480242483970187
175,802.0810651266459,802.0810651266459,5.909712788084383,807.9907779147302,0.0,5.9097127880843345
176,803.4334190326165,807.9907779147302,4.927004071960034,812.9177819866902,4.557358882113704,9.484362954073731
177,806.863243869182,812.9177819866902,4.326616518478706,817.2443985051689,6.054538117508173,10.381154635986832
178,808.5357581778419,817.2443985051689,4.745183233141809,821.9895817383107,8.708640327326975,13.453823560468777
179,811.4008583160619,821.9895817383107,3.0521994539175914,825.0417811922283,10.58872342224879,13.640922876166428
180,814.9694535205387,825.0417811922283,5.351085829609444,830.3928670218378,10.072327671689663,15.423413501299137
181,817.2976333892703,830.3928670218378,4.004353473264084,834.3972204951019,13.095233632567442,17.099587105831574
182,820.00870789835,834.3972204951019,1.099443215960569,835.4966637110625,14.388512596751866,15.487955812712471
183,825.4265056063387,835.4966637110625,4.416538195128456,839.913201906191,10.070158104723873,14.486696299852383
184,831.8636577262524,839.913201906191,5.338376571623273,845.2515784778143,8.049544179938607,13.387920751561865
185,835.546793288384,845.2515784778143,3.328335753333173,848.5799142311474,9.704785189430254,13.03312094276339
186,839.7235481870647,848.5799142311474,5.917135632621237,854.4970498637687,8.856366044082733,14.773501676703972
187,846.4752078003795,854.4970498637687,4.6883389978748005,859.1853888616434,8.021842063389158,12.710181061263938
188,848.0681601711661,859.1853888616434,3.656730946060681,862.8421198077041,11.117228690477305,14.773959636537938
189,849.1111190433837,862.8421198077041,2.528135628195612,865.3702554358997,13.731000764320356,16.259136392515984
190,852.2765123720104,865.3702554358997,3.901778039018793,869.2720334749185,13.093743063889292,16.99552110290813
191,855.2784777259552,869.2720334749185,4.405180211529638,873.6772136864482,13.993555748963331,18.398735960493013
192,862.3760974251442,873.6772136864482,2.0950554543095774,875.7722691407578,11.30111626130406,13.396171715613605
193,868.7936304511911,875.7722691407578,1.7604636482254812,877.5327327889833,6.978638689566651,8.739102337792133
194,876.0566200377284,877.5327327889833,4.414365052748983,881.9470978417322,1.4761127512548455,5.890477804003808
195,878.5891178738332,881.9470978417322,3.604103308194174,885.5512011499264,3.357979967899041,6.962083276093267
196,880.5996667636391,885.5512011499264,3.2981713044597205,888.8493724543862,4.951534386287335,8.249705690747078
197,885.9203341312145,888.8493724543862,2.5025311147248237,891.351903569111,2.9290383231716532,5.431569437896428
198,893.0490885040971,893.0490885040971,5.088671282276897,898.137759786374,0.0,5.088671282276891
199,898.4187314699303,898.4187314699303,1.146026947271477,899.5647584172018,0.0,1.14602694727148
200,901.1266021343589,901.1266021343589,3.2720317477458227,904.3986338821047,0.0,3.272031747745814
201,906.4332699066638,906.4332699066638,2.0443089227678093,908.4775788294315,0.0,2.0443089227677547
202,909.8116418979157,909.8116418979157,4.210232694287136,914.0218745922028,0.0,4.210232694287129
203,911.9571699312434,914.0218745922028,2.614387578750829,916.6362621709536,2.064704660959478,4.679092239710258
204,918.4501197590976,918.4501197590976,1.549034476572362,919.99915423567,0.0,1.5490344765723876
205,923.1696385203256,923.1696385203256,5.496863277264095,928.6665017975897,0.0,5.496863277264083
206,925.0390297144022,928.6665017975897,3.6086260973534747,932.2751278949432,3.627472083187513,7.236098180541035
207,927.8520209250947,932.2751278949432,4.133211353037162,936.4083392479804,4.423106969848504,8.556318322885659
208,935.4806587050683,936.4083392479804,2.681036553065928,939.0893758010463,0.9276805429120714,3.6087170959780224
209,937.4447991917921,939.0893758010463,3.824123197734869,942.9134989987812,1.6445766092542726,5.468699806989093
210,945.0386086790785,945.0386086790785,1.082204932224439,946.1208136113029,0.0,1.0822049322243856
211,946.7878796802696,946.7878796802696,3.9991295051159303,950.7870091853855,0.0,3.9991295051158886
212,950.1331575548757,950.7870091853855,4.068336768915535,954.855345954301,0.6538516305098483,4.722188399425363
213,955.4726961267855,955.4726961267855,5.221094174063412,960.693790300849,0.0,5.22109417406341
214,958.6009742079841,960.693790300849,2.895339837789221,963.5891301386382,2.0928160928648367,4.988155930654102
215,964.9964644571932,964.9964644571932,2.4791202606375053,967.4755847178307,0.0,2.479120260637501
216,969.8912257808481,969.8912257808481,5.1055011052976,974.9967268861457,0.0,5.105501105297549
217,974.9987552948012,974.9987552948012,4.397118765129685,979.3958740599309,0.0,4.397118765129676
218,978.3256487079735,979.3958740599309,4.400524764462286,983.7963988243931,1.0702253519573333,5.470750116419595
219,980.295627755185,983.7963988243931,3.3987621507165406,987.1951609751096,3.500771069208099,6.899533219924592
220,986.234698432845,987.1951609751096,2.4874494766391932,989.6826104517488,0.9604625422646222,3.4479120189038213
221,987.4226834058359,989.6826104517488,5.4973012787814834,995.1799117305303,2.2599270459129457,7.757228324694438
222,990.6894304276113,995.1799117305303,2.0514346119536135,997.2313463424839,4.490481302918965,6.541915914872561
223,997.8227118780965,997.8227118780965,2.2504862458148414,1000.0731981239113,0.0,2.250486245814841
224,1001.9832308141814,1001.9832308141814,3.8308194237728523,1005.8140502379542,0.0,3.830819423772823
225,1004.506798969854,1005.8140502379542,3.3972481706381323,1009.2112984085924,1.3072512681002308,4.704499438738367
226,1007.5966910587557,1009.2112984085924,3.5585668437636375,1012.769865252356,1.6146073498366604,5.173174193600289
227,1013.1499940948802,1013.1499940948802,5.1501092329934925,1018.3001033278737,0.0,5.150109232993486
228,1014.2923616531226,1018.3001033278737,2.931288223185643,1021.2313915510593,4.00774167475106,6.939029897936734
229,1019.4624151080052,1021.2313915510593,4.095971088900095,1025.3273626399593,1.7689764430541572,5.864947531954158
230,1026.7833977223133,1026.7833977223133,4.493337708694684,1031.276735431008,0.0,4.493337708694753
231,1031.0788683950032,1031.276735431008,3.44995227876815,1034.7266877097763,0.19786703600493638,3.647819314773187
232,1035.2612328711252,1035.2612328711252,4.124721136281567,1039.3859540074068,0.0,4.124721136281551
233,1042.000116505641,1042.000116505641,5.866513852482674,1047.8666303581238,0.0,5.86651385248274
234,1043.408673054112,1047.8666303581238,3.013687111802863,1050.8803174699267,4.45795730401187,7.471644415814808
235,1051.1236140211724,1051.1236140211724,1.421835750536994,1052.5454497717094,0.0,1.4218357505369568
236,1052.5190726479614,1052.5454497717094,4.186765453257218,1056.7322152249667,0.026377123748034137,4.213142577005328
237,1055.1848675334475,1056.7322152249667,3.8840252404383024,1060.616240465405,1.547347691519235,5.43137293195764
238,1061.6359023266807,1061.6359023266807,5.540043286992552,1067.1759456136733,0.0,5.5400432869926135
239,1066.1719891633393,1067.1759456136733,4.735751228144554,1071.911696841818,1.0039564503340443,5.7397076784786805
240,1068.194759897301,1071.911696841818,5.17425463584354,1077.0859514776614,3.716936944516874,8.891191580360328
241,1073.44332125442,1077.0859514776614,4.99183688028819,1082.0777883579497,3.64263022324144,8.634467103529687
242,1080.576046400549,1082.0777883579497,3.796140674329996,1085.8739290322796,1.5017419574005544,5.297882631730545
243,1084.1710268395032,1085.8739290322796,5.726248842504546,1091.600177874784,1.7029021927764916,7.429151035280938
244,1086.6661426035057,1091.600177874784,5.868939801552606,1097.4691176763367,4.93403527127839,10.802975072831032
245,1091.4982949776454,1097.4691176763367,2.427221579072743,1099.8963392554094,5.970822698691336,8.39804427776403
246,1096.614598073861,1099.8963392554094,5.03912478082413,1104.9354640362335,3.281741181548341,8.320865962372409
247,1104.5814702768648,1104.9354640362335,5.808975578356216,1110.7444396145897,0.3539937593686773,6.162969337724917
248,1106.3703662439457,1110.7444396145897,3.2725230237982434,1114.016962638388,4.374073370644055,7.646596394442213
249,1112.0377572909074,1114.016962638388,4.3434312221795075,1118.3603938605675,1.9792053474805016,6.322636569660062
250,1117.913861739766,1118.3603938605675,5.471245091895193,1123.8316389524628,0.44653212080152116,5.917777212696819
251,1124.479347632906,1124.479347632906,4.068867557313454,1128.5482151902195,0.0,4.068867557313524
252,1126.0021873604342,1128.5482151902195,5.4270815564557475,1133.9752967466752,2.5460278297853165,7.973109386241049
253,1132.3736080422054,1133.9752967466752,2.3714620298290114,1136.3467587765042,1.6016887044697796,3.9731507342987697
254,1135.2161583893042,1136.3467587765042,2.402256967496002,1138.7490157440002,1.1306003872000474,3.5328573546960342
255,1140.2938639742367,1140.2938639742367,4.512446302059366,1144.806310276296,0.0,4.512446302059288
256,1144.6319700866165,1144.806310276296,1.2491432527866615,1146.0554535290826,0.1743401896794694,1.423483442466022
257,1149.4498177309626,1149.4498177309626,3.4953934209062574,1152.945211151869,0.0,3.495393420906339
258,1152.4293908983682,1152.945211151869,5.309168671874547,1158.2543798237436,0.5158202535008058,5.8249889253754645
259,1157.8708525627403,1158.2543798237436,4.483513472280084,1162.7378932960237,0.3835272610033371,4.867040733283375
260,1162.074495285976,1162.7378932960237,3.4958258266038973,1166.2337191226277,0.6633980100477856,4.15922383665179
261,1164.4469293387265,1166.2337191226277,1.5745489891564692,1167.8082681117842,1.786789783901213,3.361338773057696
262,1172.3311209190351,1172.3311209190351,5.519706272794698,1177.85082719183,0.0,5.519706272794792
263,1174.0113045438457,1177.85082719183,5.9866196896509525,1183.837446881481,3.8395226479842677,9.826142337635247
264,1180.5449154886671,1183.837446881481,2.924300275563762,1186.7617471570447,3.292531392813771,6.216831668377608
265,1187.8293479987744,1187.8293479987744,1.4379192194971622,1189.2672672182716,0.0,1.4379192194971893
266,1194.3727195373042,1194.3727195373042,1.9886711701360218,1196.3613907074403,0.0,1.9886711701360582
267,1196.7608260345005,1196.7608260345005,1.429294416396564,1198.190120450897,0.0,1.4292944163964876
268,1203.7246410107396,1203.7246410107396,2.0094812221481657,1205.7341222328878,0.0,2.0094812221482243
269,1209.9637359904402,1209.9637359904402,2.8179722006673367,1212.7817081911076,0.0,2.8179722006673273
270,1213.6797966518823,1213.6797966518823,2.2828399763742855,1215.9626366282566,0.0,2.282839976374362
271,1217.8825137696542,1217.8825137696542,2.858003044970622,1220.740516814625,0.0,2.858003044970701
272,1222.907059991898,1222.907059991898,4.409366206999243,1227.3164261988973,0.0,4.409366206999266
273,1224.837375314066,1227.3164261988973,4.726974832420012,1232.0434010313172,2.4790508848311674,7.206025717251123
274,1231.5285629620796,1232.0434010313172,2.74123251132533,1234.7846335426425,0.5148380692376122,3.2560705805628913
275,1233.6322226693862,1234.7846335426425,1.275441431666052,1236.0600749743085,1.1524108732562581,2.427852304922226
276,1235.9008322544628,1236.0600749743085,2.6582546512609624,1238.7183296255694,0.15924271984567895,2.817497371106583
277,1239.1616001480868,1239.1616001480868,5.249502015757456,1244.4111021638441,0.0,5.2495020157573435
278,1244.7531208428156,1244.7531208428156,1.015419736137291,1245.768540578953,0.0,1.0154197361373463
279,1249.5270858876881,1249.5270858876881,2.2396877401150674,1251.766773627803,0.0,2.2396877401149595
280,1257.1457225363927,1257.1457225363927,5.913425099327516,1263.0591476357201,0.0,5.913425099327469
281,1261.6341011716424,1263.0591476357201,1.688074814560276,1264.7472224502803,1.4250464640776954,3.113121278637891
282,1263.4701931967802,1264.7472224502803,4.733145125916586,1269.4803675761968,1.2770292535001317,6.01017437941664
283,1267.2899292654279,1269.4803675761968,2.0009637822764264,1271.4813313584732,2.190438310768968,4.191402093045326
284,1274.5101797183913,1274.5101797183913,4.204385323301253,1278.7145650416926,0.0,4.204385323301267
285,1280.3451819936627,1280.3451819936627,5.841900664506219,1286.187082658169,0.0,5.841900664506284
286,1281.897139642393,1286.187082658169,3.676695766534335,1289.8637784247032,4.289943015775862,7.966638782310156
287,1284.204886715582,1289.8637784247032,2.4519834516865844,1292.3157618763898,5.658891709121235,8.110875160807836
288,1290.2299873939278,1292.3157618763898,5.7665865648996055,1298.0823484412895,2.0857744824620568,7.852361047361683
289,1292.2288461568226,1298.0823484412895,2.102552291718091,1300.1849007330075,5.853502284466913,7.956054576184897
290,1296.617171636713,1300.1849007330075,2.069285934553286,1302.2541866675608,3.5677290962944426,5.637015030847806
291,1298.5796499246717,1302.2541866675608,4.171167452647551,1306.4253541202083,3.6745367428891313,7.845704195536655
292,1303.0125478941666,1306.4253541202083,5.444201456582487,1311.8695555767908,3.4128062260417664,8.857007682624271
293,1309.146489639979,1311.8695555767908,2.9229228412695716,1314.7924784180605,2.723065936811736,5.645988778081346
294,1312.045507441064,1314.7924784180605,5.954156764516292,1320.7466351825767,2.7469709769964084,8.701127741512664
295,1315.7692386383535,1320.7466351825767,4.267319968573133,1325.0139551511497,4.977396544223211,9.24471651279623
296,1321.895191562551,1325.0139551511497,4.222027070157733,1329.2359822213075,3.1187635885987675,7.340790658756532
297,1327.677025589694,1329.2359822213075,5.990719950745077,1335.2267021720527,1.558956631613455,7.549676582358643
298,1332.1024049719006,1335.2267021720527,3.263286594460779,1338.4899887665135,3.124297200152114,6.387583794612965
299,1337.7956153626144,1338.4899887665135,1.429067731747964,1339.9190564982614,0.6943734038991352,2.123441135646999
300,1342.2660297257835,1342.2660297257835,3.27168562844591,1345.5377153542295,0.0,3.2716856284459936
301,1344.4144389274218,1345.5377153542295,5.51378467991097,1351.0515000341404,1.1232764268077062,6.637061106718647
302,1350.9219633769824,1351.0515000341404,1.1581859684931834,1352.2096860026336,0.12953665715804163,1.287722625651213
303,1358.5235735221922,1358.5235735221922,3.628131512779138,1362.1517050349714,0.0,3.6281315127791913
304,1364.6302684297846,1364.6302684297846,5.020288673206642,1369.6505571029911,0.0,5.020288673206551
305,1371.8090713744043,1371.8090713744043,5.1154683125384235,1376.9245396869428,0.0,5.115468312538496
306,1373.8268833768348,1376.9245396869428,5.23882343207174,1382.1633631190145,3.09765631010805,8.33647974217979
307,1381.352109965662,1382.1633631190145,5.907399200300638,1388.0707623193152,0.8112531533524816,6.7186523536531695
308,1385.80569647642,1388.0707623193152,1.6880724633109296,1389.758834782626,2.265065842895183,3.9531383062060286
309,1388.3120154346257,1389.758834782626,5.378683821437081,1395.1375186040632,1.4468193480004174,6.825503169437525
310,1390.6005175031396,1395.1375186040632,5.815836072873098,1400.9533546769362,4.5370011009235895,10.352837173796615
311,1396.5212341565946,1400.9533546769362,4.750139435091073,1405.7034941120273,4.432120520341641,9.182259955432755
312,1397.8067440720267,1405.7034941120273,1.5627091256973755,1407.2662032377248,7.896750040000597,9.459459165698036
313,1405.0690800343077,1407.2662032377248,1.3030580444337332,1408.5692612821585,2.19712320341705,3.5001812478508327
314,1406.273436647191,1408.5692612821585,5.336340332362385,1413.905601614521,2.29582463496763,7.632164967330027
315,1413.9373873539769,1413.9373873539769,1.9634420345589434,1415.9008293885358,0.0,1.963442034558966
316,1420.2149426935496,1420.2149426935496,5.712223119949165,1425.9271658134987,0.0,5.712223119949158
317,1428.1721156209458,1428.1721156209458,1.6436649950295732,1429.8157806159754,0.0,1.643664995029667
318,1430.478236993243,1430.478236993243,3.025931044822636,1433.5041680380655,0.0,3.025931044822528
319,1432.8242761712986,1433.5041680380655,5.01663313223113,1438.5208011702966,0.6798918667668659,5.696524998998029
320,1439.099381725914,1439.099381725914,1.6961008741864565,1440.7954826001005,0.0,1.6961008741864134
321,1442.6340168272982,1442.6340168272982,1.3096427378094795,1443.9436595651077,0.0,1.309642737809554
322,1450.2611919196895,1450.2611919196895,1.0914246737070785,1451.3526165933965,0.0,1.0914246737070243
323,1452.6348296747847,1452.6348296747847,3.6022467517300703,1456.2370764265147,0.0,3.6022467517300356
324,1453.661735083468,1456.2370764265147,5.973194529140225,1462.210270955655,2.5753413430466026,8.548535872186903
325,1461.0353520363233,1462.210270955655,1.8365572235413121,1464.0468281791964,1.1749189193317306,3.011476142873107
326,1467.5352712023055,1467.5352712023055,2.0426442221437644,1469.5779154244492,0.0,2.0426442221437355
327,1468.8157106864796,1469.5779154244492,1.4647071131595677,1471.0426225376088,0.7622047379695687,2.2269118511292163
328,1471.3368345636866,1471.3368345636866,2.3838967024851314,1473.7207312661717,0.0,2.383896702485117
329,1474.2368647381934,1474.2368647381934,2.296755703239767,1476.5336204414332,0.0,2.2967557032397963
330,1476.6487814622888,1476.6487814622888,5.361490456892866,1482.0102719191816,0.0,5.361490456892852
331,1482.5726173675687,1482.5726173675687,3.602153164647925,1486.1747705322166,0.0,3.602153164647916
332,1484.4566926023758,1486.1747705322166,3.625797781491644,1489.8005683137083,1.7180779298407742,5.34387571133243
333,1486.6757399852766,1489.8005683137083,4.765416886883871,1494.5659852005922,3.124828328431704,7.890245215315645
334,1492.3311592853386,1494.5659852005922,1.0331091998162698,1495.5990944004084,2.234825915253623,3.267935115069804
335,1495.5387131710427,1495.5990944004084,2.6638527804404477,1498.2629471808489,0.06038122936570289,2.724234009806196
336,1502.6774251739757,1502.6774251739757,2.220043555997025,1504.8974687299728,0.0,2.2200435559971083
337,1505.3852551964026,1505.3852551964026,2.39889100135738,1507.78414619776,0.0,2.3988910013574696
338,1512.1266429693403,1512.1266429693403,4.891402627996042,1517.0180455973364,0.0,4.891402627996058
339,1515.667429973967,1517.0180455973364,5.311505598556568,1522.329551195893,1.3506156233693218,6.662121221925872
340,1520.312493675026,1522.329551195893,2.965800218762817,1525.2953514146557,2.017057520866956,4.982857739629708
341,1523.3955340550629,1525.2953514146557,1.1905399421244647,1526.48589135678,1.8998173595928165,3.0903573017171766
342,1525.8853745357421,1526.48589135678,3.245541103410532,1529.7314324601905,0.6005168210378997,3.8460579244483597
343,1532.7778574802423,1532.7778574802423,3.205945005879815,1535.9838024861222,0.0,3.205945005879812
344,1536.8524798675694,1536.8524798675694,3.898033740713211,1540.7505136082825,0.0,3.8980337407131174
345,1541.4656020237805,1541.4656020237805,4.921225182868447,1546.386827206649,0.0,4.921225182868511
346,1544.3601614062882,1546.386827206649,5.405842866284447,1551.7926700729336,2.026665800360888,7.43250866664539
347,1550.024678353876,1551.7926700729336,3.0990374369707707,1554.8917075099043,1.7679917190575907,4.867029156028366
348,1552.6112901298588,1554.8917075099043,3.689428180873251,1558.5811356907775,2.280417380045492,5.969845560918657
349,1555.0490342946498,1558.5811356907775,3.099694030046849,1561.6808297208242,3.5321013961277004,6.631795426174449
350,1560.2067153127139,1561.6808297208242,1.0438090040098327,1562.724638724834,1.4741144081103812,2.517923412120126
351,1564.8607843961202,1564.8607843961202,5.83092998113839,1570.6917143772584,0.0,5.830929981138297
352,1568.702292272359,1570.6917143772584,5.489712312705216,1576.1814266899637,1.989422104899404,7.479134417604655
353,1570.6199228006105,1576.1814266899637,1.303057746009816,1577.4844844359736,5.561503889353162,6.8645616353630885
354,1571.7003750882902,1577.4844844359736,1.4439895014111221,1578.9284739373848,5.784109347683398,7.228098849094522
355,1577.9520286461743,1578.9284739373848,5.521360779762391,1584.449834717147,0.9764452912104389,6.497806070972729
356,1585.9408880994308,1585.9408880994308,4.021356254679498,1589.9622443541102,0.0,4.021356254679404
357,1589.3475452346954,1589.9622443541102,3.2594699565490672,1593.2217143106593,0.6146991194148086,3.8741690759638914
358,1591.753127353213,1593.2217143106593,4.301786583620929,1597.5235008942802,1.468586957446405,5.770373541067329
359,1593.1450580498308,1597.5235008942802,3.8018985755656614,1601.325399469846,4.37844284444941,8.180341420015111
360,1598.4107400403211,1601.325399469846,2.2224035735761256,1603.5478030434222,2.914659429524818,5.137063003101048
361,1600.738290086051,1603.5478030434222,5.611383490578119,1609.1591865340004,2.8095129573712256,8.420896447949417
362,1603.01760710473,1609.1591865340004,1.664955966596092,1610.8241425005965,6.14157942927045,7.806535395866604
363,1610.043504423603,1610.8241425005965,1.4248941774795223,1612.249036678076,0.7806380769934549,2.205532254472928
364,1611.5691003189042,1612.249036678076,5.9728789554782065,1618.221915633554,0.6799363591717338,6.6528153146498425
365,1613.5688938035798,1618.221915633554,2.639810851987626,1620.8617264855418,4.65302182997425,7.292832681961954
366,1617.5309518755162,1620.8617264855418,2.763858823437885,1623.6255853089797,3.330774610025628,6.094633433463514
367,1623.0405896323568,1623.6255853089797,5.7198295414436515,1629.3454148504234,0.5849956766228388,6.304825218066526
368,1628.1646044848223,1629.3454148504234,1.5555609838870605,1630.9009758343104,1.180810365601019,2.7363713494880813
369,1630.245164227562,1630.9009758343104,1.4823018044098037,1632.3832776387203,0.6558116067483297,2.1381134111582014
370,1633.2682905846016,1633.2682905846016,1.6711928712446285,1634.9394834558461,0.0,1.671192871244557
371,1639.6669846158325,1639.6669846158325,4.454318586099543,1644.121303201932,0.0,4.454318586099589
372,1641.7321495745437,1644.121303201932,2.187762554125751,1646.3090657560579,2.3891536273883958,4.576916181514207
373,1646.3927071269884,1646.3927071269884,3.589240877160819,1649.9819480041492,0.0,3.589240877160819
374,1652.0594097326596,1652.0594097326596,1.4886800026183753,1653.548089735278,0.0,1.4886800026183664
375,1659.795945152153,1659.795945152153,1.9896277759938277,1661.7855729281468,0.0,1.9896277759937675
376,1661.0490976735437,1661.7855729281468,2.4841726339092753,1664.2697455620562,0.7364752546031923,3.2206478885125307
377,1663.7728253716054,1664.2697455620562,2.4137301576472714,1666.6834757197034,0.4969201904507372,2.910650348097988
378,1669.3756966166593,1669.3756966166593,1.733158744504145,1671.1088553611635,0.0,1.7331587445041805
379,1670.5411810313683,1671.1088553611635,4.92969577918082,1676.0385511403442,0.5676743297951816,5.497370108975929
380,1676.0953504089696,1676.0953504089696,5.60485271981364,1681.7002031287832,0.0,5.604852719813607
381,1681.0664448704313,1681.7002031287832,4.265706146929233,1685.9659092757124,0.6337582583519179,4.899464405281151
382,1687.2342894880203,1687.2342894880203,2.775327274832544,1690.0096167628528,0.0,2.7753272748325344
383,1688.6137466459902,1690.0096167628528,3.2223309010965577,1693.2319476639493,1.3958701168626249,4.618201017959109
384,1694.6345663131883,1694.6345663131883,2.4262362688525885,1697.0608025820409,0.0,2.4262362688525627
385,1699.1031043779133,1699.1031043779133,3.5812145840219394,1702.684318961935,0.0,3.5812145840218363
386,1706.8480784741514,1706.8480784741514,4.2774721486850105,1711.1255506228365,0.0,4.277472148685092
387,1709.4943316586684,1711.1255506228365,3.9682267509276494,1715.0937773737642,1.6312189641680561,5.599445715095726
388,1712.7447226386826,1715.0937773737642,5.602431765081399,1720.6962091388455,2.3490547350816087,7.9514865001629005
389,1719.7232375417202,1720.6962091388455,5.372510027532877,1726.0687191663783,0.9729715971252517,6.345481624658078
390,1726.5551401790162,1726.5551401790162,1.6382174422591658,1728.1933576212755,0.0,1.638217442259247
391,1729.8767656382772,1729.8767656382772,4.679582798726018,1734.5563484370032,0.0,4.67958279872596
392,1734.8126742024324,1734.8126742024324,4.702394823299891,1739.5150690257324,0.0,4.702394823299983
393,1740.5241896771593,1740.5241896771593,2.90340087468027,1743.4275905518396,0.0,2.903400874680301
394,1747.650046859655,1747.650046859655,4.7235612627468875,1752.373608122402,0.0,4.723561262746898
395,1749.2745071018203,1752.373608122402,3.5648200308190034,1755.938428153221,3.0991010205816565,6.663921051400621
396,1751.7493223992717,1755.938428153221,3.219777083803423,1759.1582052370243,4.189105753949207,7.4088828377525715
397,1753.5826792610105,1759.1582052370243,3.5912595880229383,1762.7494648250472,5.5755259760137506,9.166785564036672
398,1756.0058741689534,1762.7494648250472,5.562801782837701,1768.3122666078848,6.743590656093829,12.306392438931425
399,1763.6126526418118,1768.3122666078848,1.5088927833941819,1769.821159391279,4.699613966073002,6.208506749467233
400,1766.2257322351002,1769.821159391279,3.646112023523895,1773.467271414803,3.5954271561788573,7.241539179702841
401,1769.7525155461444,1773.467271414803,4.155509657811347,1777.6227810726143,3.7147558686585853,7.870265526469893
402,1777.503356220802,1777.6227810726143,2.7073776989010225,1780.3301587715152,0.11942485181225493,2.8268025507131824
403,1783.1275405633432,1783.1275405633432,1.9978495134253125,1785.1253900767686,0.0,1.997849513425308
404,1786.1320923586686,1786.1320923586686,2.75870378317869,1788.8907961418472,0.0,2.758703783178589
405,1791.882959710808,1791.882959710808,1.8318273804585736,1793.7147870912668,0.0,1.8318273804586624
406,1797.8232342873978,1797.8232342873978,5.371354960074494,1803.1945892474723,0.0,5.371354960074541
407,1799.4576272044085,1803.1945892474723,1.3159588579738215,1804.510548105446,3.7369620430638406,5.0529209010376235
408,1807.2398654191068,1807.2398654191068,3.407897975970692,1810.6477633950774,0.0,3.407897975970627
409,1815.0995773273119,1815.0995773273119,4.608454694756619,1819.7080320220684,0.0,4.608454694756574
410,1816.3749995515047,1819.7080320220684,1.5956509885138161,1821.3036830105823,3.333032470563694,4.928683459077547
411,1818.7810766629689,1821.3036830105823,3.90373210068829,1825.2074151112706,2.5226063476134186,6.426338448301749
412,1822.2053787657367,1825.2074151112706,1.0148997074779633,1826.2223148187486,3.002036345533952,4.016936053011932
413,1828.9515196693767,1828.9515196693767,2.123977953748372,1831.075497623125,0.0,2.1239779537484083
414,1830.4094907882063,1831.075497623125,1.9011824648071243,1832.9766800879322,0.6660068349187895,2.5671892997258965
415,1832.6494719799446,1832.9766800879322,2.5486861057195567,1835.5253661936517,0.3272081079876443,2.87589421370717
416,1840.1404437732288,1840.1404437732288,4.394121714673126,1844.5345654879018,0.0,4.39412171467302
417,1845.3102751637393,1845.3102751637393,3.2559870851284773,1848.5662622488678,0.0,3.2559870851284813
418,1852.1731048969837,1852.1731048969837,5.083920742819643,1857.2570256398033,0.0,5.0839207428196005
419,1854.7624130801282,1857.2570256398033,5.1970592683179,1862.454084908121,2.4946125596750335,7.691671827992877
420,1858.6769000567856,1862.454084908121,4.044583368133285,1866.4986682762544,3.7771848513355053,7.821768219468822
421,1861.4940890260068,1866.4986682762544,3.9730344820807533,1870.4717027583351,5.004579250247616,8.977613732328336
422,1863.0295299821785,1870.4717027583351,3.326647962775548,1873.7983507211106,7.442172776156667,10.768820738932163
423,1870.4160037645872,1873.7983507211106,4.111199423738589,1877.9095501448492,3.3823469565234063,7.493546380261932
424,1876.9509873037562,1877.9095501448492,1.4639853548865318,1879.3735354997357,0.9585628410929985,2.422548195979516
425,1884.759171849569,1884.759171849569,4.240309386415272,1888.9994812359841,0.0,4.24030938641522
426,1888.3738643953793,1888.9994812359841,5.180548634561693,1894.180029870546,0.6256168406048346,5.806165475166608
427,1893.1515407528611,1894.180029870546,5.767375083769731,1899.9474049543157,1.028489117684785,6.795864201454606
428,1896.3483996314208,1899.9474049543157,5.058581550610003,1905.0059865049257,3.599005322894982,8.657586873504897
429,1897.5990718847142,1905.0059865049257,3.1769526014590745,1908.1829391063848,7.40691462021141,10.583867221670516
430,1899.159808011449,1908.1829391063848,2.7984966235905824,1910.9814357299754,9.023131094935707,11.821627718526315
431,1906.9475685606496,1910.9814357299754,1.0036143706410945,1911.9850501006165,4.033867169325731,5.037481539966848
432,1909.213176333252,1911.9850501006165,2.841538153101924,1914.8265882537185,2.771873767364468,5.613411920466433
433,1913.0158373639174,1914.8265882537185,5.331491399308334,1920.1580796530268,1.8107508898010565,7.14224228910939
434,1920.0379150392878,1920.1580796530268,2.6506000010208224,1922.8086796540476,0.12016461373900711,2.7707646147598552
435,1922.7884391212751,1922.8086796540476,1.8207321176234605,1924.6294117716711,0.020240532772504594,1.8409726503959973
436,1927.2896118737021,1927.2896118737021,4.787962292420541,1932.0775741661228,0.0,4.787962292420616
437,1932.4690988383902,1932.4690988383902,4.041563050216913,1936.510661888607,0.0,4.041563050216837
438,1935.0381256581836,1936.510661888607,3.299148083942068,1939.8098099725491,1.4725362304234295,4.77168431436553
439,1937.014332240005,1939.8098099725491,5.433108379926661,1945.2429183524757,2.7954777325442137,8.228586112470794
440,1944.0381478053393,1945.2429183524757,5.700471711154392,1950.9433900636302,1.204770547136377,6.905242258290855
441,1947.2403315908136,1950.9433900636302,1.280777613994928,1952.224167677625,3.703058472816565,4.98383608681138
442,1948.8916196429898,1952.224167677625,1.7363134154009217,1953.960481093026,3.332548034635238,5.068861450036138
443,1953.3540122925435,1953.960481093026,4.970613817924329,1958.9310949109502,0.6064688004823893,5.577082618406621
444,1959.116957262914,1959.116957262914,5.284928008606203,1964.40188527152,0.0,5.28492800860613
445,1962.7102602784119,1964.40188527152,4.0696025345346545,1968.4714878060547,1.6916249931082348,5.761227527642859
446,1965.4275254721374,1968.4714878060547,4.751955111551371,1973.223442917606,3.0439623339173068,7.7959174454686035
447,1972.4432362388186,1973.223442917606,3.8652768909024946,1977.0887198085086,0.7802066787874082,4.645483569689986
448,1980.0624632459862,1980.0624632459862,4.004502558952654,1984.066965804939,0.0,4.004502558952709
449,1984.784105954915,1984.784105954915,4.956275385067933,1989.740381339983,0.0,4.956275385068011
450,1986.3084280273429,1989.740381339983,1.6957436749261765,1991.4361250149093,3.4319533126401893,5.127696987566424
451,1989.2681793651711,1991.4361250149093,4.9891756465330035,1996.4253006614424,2.167945649738158,7.157121296271271
452,1992.1188421411946,1996.4253006614424,5.86156858428153,2002.286869245724,4.306458520247816,10.168027104529301
453,1999.4587602388,2002.286869245724,5.282629915801155,2007.569499161525,2.828109006923796,8.110738922724977
454,2002.5824204612693,2007.569499161525,2.964777927307346,2010.5342770888324,4.987078700255779,7.951856627563075
455,2007.3282146406796,2010.5342770888324,1.5164684333660463,2012.0507455221984,3.2060624481528066,4.722530881518878
456,2012.8308427960499,2012.8308427960499,1.6664451294579705,2014.4972879255079,0.0,1.6664451294579976
457,2019.8251194165491,2019.8251194165491,5.9203986630964875,2025.7455180796455,0.0,5.920398663096421
458,2024.8227221001457,2025.7455180796455,5.7861093825128345,2031.5316274621584,0.9227959794998242,6.708905362012729
459,2031.3935859353958,2031.5316274621584,1.9520508879739409,2033.4836783501323,0.13804152676266312,2.090092414736546
460,2035.8084399066756,2035.8084399066756,3.4606690425852094,2039.269108949261,0.0,3.460669042585323
461,2043.4245039555476,2043.4245039555476,4.136688626588762,2047.5611925821363,0.0,4.136688626588693
462,2045.5993859483738,2047.5611925821363,5.1009258710402205,2052.6621184531764,1.961806633762535,7.062732504802625
463,2049.144185912369,2052.6621184531764,1.9890660648321914,2054.6511845180084,3.5179325408075783,5.506998605639637
464,2053.8049390974816,2054.6511845180084,5.230112780270105,2059.8812972982787,0.8462454205268841,6.076358200797131
465,2056.7424460256784,2059.8812972982787,3.127690105331123,2063.00898740361,3.1388512726002773,6.266541377931389
466,2062.3605221822672,2063.00898740361,5.060871510467095,2068.069858914077,0.6484652213425761,5.709336731809799
467,2067.8247648854276,2068.069858914077,1.6347505603545138,2069.7046094744314,0.24509402864941876,1.8798445890038238
468,2071.450776336392,2071.450776336392,2.3080954666328215,2073.758871803025,0.0,2.308095466632949
469,2075.3412670280136,2075.3412670280136,2.056518409325242,2077.397785437339,0.0,2.0565184093252356
470,2079.9931450576073,2079.9931450576073,1.2237555015358794,2081.216900559143,0.0,1.223755501535834
471,2086.2011199802655,2086.2011199802655,1.694107107149406,2087.8952270874147,0.0,1.6941071071491933
472,2093.286576532984,2093.286576532984,3.623264725868589,2096.9098412588523,0.0,3.6232647258684665
473,2100.8230140631517,2100.8230140631517,2.9248272127127204,2103.7478412758646,0.0,2.9248272127128985
474,2105.1341025495417,2105.1341025495417,1.1143033011639178,2106.2484058507057,0.0,1.114303301164
475,2108.3557997458747,2108.3557997458747,4.6594493145881435,2113.015249060463,0.0,4.659449314588073
476,2113.5117979794686,2113.5117979794686,1.5874785386009367,2115.0992765180695,0.0,1.5874785386008625
477,2117.5238500889227,2117.5238500889227,3.7325658224422082,2121.256415911365,0.0,3.7325658224422114
478,2123.0008876456827,2123.0008876456827,4.7289094385070305,2127.7297970841896,0.0,4.728909438506889
479,2126.2860116305073,2127.7297970841896,4.981394732702068,2132.7111918168916,1.443785453682267,6.425180186384296
480,2130.3642933376464,2132.7111918168916,5.429241676192236,2138.140433493084,2.346898479245283,7.776140155437588
481,2137.4317690011867,2138.140433493084,2.7047342617651315,2140.845167754849,0.7086644918972524,3.4133987536624772
482,2140.7861809199103,2140.845167754849,2.6472356728427306,2143.492403427692,0.05898683493887802,2.706222507781604
483,2146.6004378328735,2146.6004378328735,2.9362775357573176,2149.5367153686307,0.0,2.936277535757199
484,2148.148486628977,2149.5367153686307,5.9937185650296865,2155.5304339336603,1.3882287396536412,7.381947304683308
485,2150.431354568315,2155.5304339336603,5.184036265372459,2160.714470199033,5.09907936534546,10.28311563071793
486,2153.9134220879287,2160.714470199033,4.863143494739804,2165.5776136937725,6.801048111104137,11.664191605843826
487,2158.869060527792,2165.5776136937725,2.325455447026323,2167.903069140799,6.708553165980447,9.03400861300679
488,2159.9398218223714,2167.903069140799,4.6193021899386615,2172.5223713307373,7.96324731842742,12.5825495083659
489,2167.170533438742,2172.5223713307373,2.49471899113762,2175.017090321875,5.351837891995274,7.846556883132962
490,2174.90682892006,2175.017090321875,1.9762303295533186,2176.9933206514283,0.11026140181502342,2.086491731368369
491,2181.79613327568,2181.79613327568,5.953346965234566,2187.7494802409146,0.0,5.953346965234687
492,2188.3972164367683,2188.3972164367683,4.156303394950628,2192.553519831719,0.0,4.156303394950555
493,2193.3424205026913,2193.3424205026913,1.3140983278084863,2194.6565188305,0.0,1.3140983278085514
494,2195.990451464926,2195.990451464926,5.032359524289756,2201.022810989216,0.0,5.032359524289859
495,2200.8008740397213,2201.022810989216,3.8637700325902538,2204.8865810218063,0.2219369494946477,4.085706982084957
496,2205.5081208154775,2205.5081208154775,3.5523157429408956,2209.0604365584186,0.0,3.5523157429411185
497,2210.7911578177627,2210.7911578177627,3.052215514847405,2213.84337333261,0.0,3.0522155148473757
498,2215.0917253654557,2215.0917253654557,2.399791097017611,2217.491516462473,0.0,2.3997910970174416
499,2219.2765920476554,2219.2765920476554,3.1017244266304336,2222.378316474286,0.0,3.101724426630426
500,2225.6126204475986,2225.6126204475986,3.5276196052835176,2229.1402400528823,0.0,3.5276196052836895
